case_id,repeat,engine,mode,ok,exact,expected_route,actual_route,expected_ready,actual_ready,expected_impact,actual_impact,seconds,retrieval_seconds,source_ids
R17,1,decision,rag,True,False,mejora,mejora,True,True,0,1,2.429353600004106,0.001026900004944764,cat-vf36
R07,1,decision,none,True,False,facturacion,mejora,True,True,0,0,2.3416457999992417,4.799992893822491e-06,
R11,1,decision,none,True,False,incidente,revision,True,True,0,0,2.324937900004443,2.4000037228688598e-06,
R16,1,decision,rag,True,True,mejora,mejora,True,True,0,0,2.4575456000020495,0.0012057999992975965,cat-pl92
R03,1,decision,rag,True,False,acceso,acceso,True,True,0,2,2.6084472999937134,0.0012069999938830733,cat-hp64;cat-rd56
R07,1,decision,oracle,True,True,facturacion,facturacion,True,True,0,0,2.590167400005157,0.0003284000122221187,cat-bk73
R06,1,decision,none,True,False,facturacion,incidente,True,True,1,1,2.614126100001158,3.0999945010989904e-06,
R12,1,decision,none,True,True,incidente,incidente,True,True,1,1,2.7911523999937344,5.399997462518513e-06,
R18,1,decision,rag,True,False,incidente,incidente,True,False,2,2,2.973436499989475,0.0015263999957824126,cat-vf36;cat-bk73
R02,1,decision,rag,True,False,acceso,acceso,True,True,1,2,2.7752790999948047,0.0015436999965459108,cat-mq27
R13,1,decision,none,True,True,mejora,mejora,True,True,0,0,2.660550399989006,5.399997462518513e-06,
R15,1,decision,none,True,True,mejora,mejora,True,True,0,0,2.512322499998845,4.0000013541430235e-06,
R15,1,decision,rag,True,True,mejora,mejora,True,True,0,0,3.313393399992492,0.473341499993694,cat-pl92;cat-rd56
R17,1,decision,none,True,True,mejora,mejora,True,True,0,0,2.516855599998962,5.49999822396785e-06,
R06,1,decision,rag,True,True,facturacion,facturacion,True,True,1,1,2.6240118999994593,0.0013087999977869913,cat-ux41
R20,1,decision,none,True,True,revision,revision,False,False,0,0,2.3873395999980858,5.399997462518513e-06,
R10,1,decision,oracle,True,True,incidente,incidente,True,True,1,1,2.458598899989738,0.00031009998929221183,cat-yt83
R19,1,decision,oracle,True,False,revision,mejora,False,True,0,1,2.3881313000019873,0.00029749999521300197,
R23,1,decision,oracle,True,True,revision,revision,True,True,0,0,2.3749260999902617,0.00034410000080242753,
R21,1,decision,oracle,True,True,revision,revision,True,True,1,1,2.388994900000398,0.0003164999943692237,
R18,1,decision,oracle,True,False,incidente,incidente,True,False,2,2,2.359423300003982,0.0003195000026607886,
R24,1,decision,rag,True,False,acceso,acceso,True,True,0,2,2.596792500000447,0.0010569000005489215,cat-mq27;dev-aa
R14,1,decision,none,True,True,mejora,mejora,True,True,0,0,2.5020671999955084,5.599998985417187e-06,
R16,1,decision,oracle,True,True,mejora,mejora,True,True,0,0,1.3456802000000607,0.00041229999624192715,cat-pl92
R08,1,decision,oracle,True,True,facturacion,facturacion,True,True,1,1,2.5410275000031106,0.00045170000521466136,cat-bk73
R19,1,decision,rag,True,False,revision,mejora,False,True,0,1,1.3232136000005994,0.001175199999124743,
R09,1,decision,rag,True,True,incidente,incidente,True,True,0,0,2.711921499998425,0.0013703000004170462,cat-yt83;cat-rd56
R03,1,decision,oracle,True,False,acceso,acceso,True,True,0,2,2.5920920000062324,0.0004310000076657161,cat-hp64
R07,1,decision,rag,True,True,facturacion,facturacion,True,True,0,0,2.774721199995838,0.0013220999971963465,cat-bk73;cat-rd56
R22,1,decision,rag,True,False,revision,revision,True,False,0,0,2.6662534000060987,0.0013285000022733584,cat-rd56;dev-dd
R18,1,decision,none,True,False,incidente,incidente,True,False,2,2,1.2865071999985958,4.699992132373154e-06,
R08,1,decision,rag,True,True,facturacion,facturacion,True,True,1,1,1.255150799988769,0.0011713999992934987,cat-bk73
R22,1,decision,none,True,False,revision,mejora,True,True,0,0,2.436810200000764,4.599991370923817e-06,
R09,1,decision,none,True,False,incidente,mejora,True,True,0,0,2.427886999998009,5.399997462518513e-06,
R21,1,decision,none,True,True,revision,revision,True,True,1,1,1.2571806000050856,2.800006768666208e-06,
R03,1,decision,none,True,False,acceso,mejora,True,True,0,0,2.4163265000097454,4.7000066842883825e-06,
R14,1,decision,rag,True,True,mejora,mejora,True,True,0,0,2.580432100003236,0.0012986999936401844,cat-rd56
R20,1,decision,oracle,True,True,revision,revision,False,False,0,0,1.2568005000066478,0.0005003999976906925,
R04,1,decision,none,True,False,acceso,incidente,True,True,1,1,2.365508899994893,9.60000033956021e-06,
R17,1,decision,oracle,True,True,mejora,mejora,True,True,0,0,1.210021599996253,0.0004039999912492931,
R08,1,decision,none,True,False,facturacion,incidente,True,True,1,1,2.3546840000053635,4.1000021155923605e-06,
R10,1,decision,none,True,True,incidente,incidente,True,True,1,1,2.4529394999990473,4.3000036384910345e-06,
R04,1,decision,rag,True,True,acceso,acceso,True,True,1,1,2.468739199990523,0.0011541999992914498,cat-hp64
R01,1,decision,none,True,False,acceso,mejora,True,True,0,0,2.332546600009664,6.200003554113209e-06,
R23,1,decision,none,True,True,revision,revision,True,True,0,0,1.1938976000092225,4.6000059228390455e-06,
R13,1,decision,rag,True,False,mejora,mejora,True,True,0,1,2.5333943000005092,0.0012245000107213855,cat-rd56;dev-dd
R23,1,decision,rag,True,False,revision,mejora,True,True,0,0,2.5127138999960152,0.001528099994175136,cat-rd56;dev-dd
R20,1,decision,rag,True,True,revision,revision,False,False,0,0,1.283212900001672,0.001272099994821474,
R09,1,decision,oracle,True,False,incidente,incidente,True,False,0,0,2.454394999993383,0.00030869999318383634,cat-yt83
R12,1,decision,rag,True,True,incidente,incidente,True,True,1,1,2.483740299998317,0.001029999999445863,cat-vf36
R15,1,decision,oracle,True,True,mejora,mejora,True,True,0,0,2.4582081000116887,0.0004245000018272549,cat-pl92
R14,1,decision,oracle,True,True,mejora,mejora,True,True,0,0,1.1970951999974204,0.0003660000074887648,cat-rd56
R16,1,decision,none,True,True,mejora,mejora,True,True,0,0,2.3760319000139134,5.1000097300857306e-06,
R05,1,decision,none,True,False,facturacion,mejora,True,True,0,0,2.375225199997658,5.699999746866524e-06,
R24,1,decision,none,True,False,acceso,facturacion,True,True,0,2,2.37423509999644,3.999986802227795e-06,
R21,1,decision,rag,True,False,revision,acceso,True,True,1,1,2.5234312000102364,0.0011994000087724999,noise-seguridad;cat-pl92
R13,1,decision,oracle,True,False,mejora,mejora,True,True,0,1,2.4548740000027465,0.0003288000007160008,cat-rd56
R11,1,decision,oracle,True,False,incidente,incidente,True,False,0,0,2.46224059999804,0.00036589999217540026,cat-vf36
R24,1,decision,oracle,True,False,acceso,acceso,True,True,0,2,2.4965218999859644,0.000381799996830523,cat-mq27
R22,1,decision,oracle,True,False,revision,mejora,True,True,0,0,1.2066917000047397,0.0003645999968284741,
R02,1,decision,oracle,True,False,acceso,acceso,True,True,1,2,2.4323848000058206,0.0003899000003002584,cat-mq27
R01,1,decision,rag,True,False,acceso,acceso,True,True,0,2,2.61484379999456,0.0011436999920988455,cat-mq27;cat-rd56
R01,1,decision,oracle,True,True,acceso,acceso,True,True,0,0,2.458654900008696,0.0003811000060522929,cat-mq27
R19,1,decision,none,True,False,revision,mejora,False,True,0,1,1.1741131000017049,5.699999746866524e-06,
R04,1,decision,oracle,True,True,acceso,acceso,True,True,1,1,1.140918100005365,0.000341199993272312,cat-hp64
R05,1,decision,rag,True,True,facturacion,facturacion,True,True,0,0,2.576207699996303,0.0013441000046441332,cat-ux41;cat-rd56
R06,1,decision,oracle,True,True,facturacion,facturacion,True,True,1,1,2.4387793999921996,0.0003634999884525314,cat-ux41
R10,1,decision,rag,True,True,incidente,incidente,True,True,1,1,2.5351767999964068,0.0010814999986905605,cat-yt83
R11,1,decision,rag,True,False,incidente,incidente,True,False,0,0,2.6113003000064055,0.001208700006827712,cat-vf36;cat-rd56
R12,1,decision,oracle,True,True,incidente,incidente,True,True,1,1,1.2006383999978425,0.0004061999934492633,cat-vf36
R02,1,decision,none,True,False,acceso,incidente,True,True,1,1,2.4209749000001466,6.50000583846122e-06,
R05,1,decision,oracle,True,True,facturacion,facturacion,True,True,0,0,2.54337790000136,0.00046640000073239207,cat-ux41
R14,1,chat,oracle,True,True,mejora,mejora,True,True,0,0,0.2453728999971645,0.0002086000022245571,cat-rd56
R08,1,chat,oracle,True,False,facturacion,facturacion,True,True,1,0,0.24937010000576265,0.0004555000050459057,cat-bk73
R24,1,chat,none,True,False,acceso,facturacion,True,False,0,2,0.21876180000253953,6.50000583846122e-06,
R18,1,chat,none,True,False,incidente,incidente,True,True,2,1,0.20658539999567438,6.599992047995329e-06,
R21,1,chat,rag,True,False,revision,revision,True,True,1,0,0.25364180000906345,0.0012661000073421746,noise-seguridad;cat-pl92
R04,1,chat,rag,True,False,acceso,acceso,True,True,1,0,0.24727330000314396,0.0011909000022569671,cat-hp64
R13,1,chat,rag,True,True,mejora,mejora,True,True,0,0,0.3032973000081256,0.0016054000006988645,cat-rd56;dev-dd
R22,1,chat,oracle,True,True,revision,revision,True,True,0,0,0.21013929999026004,0.0003988999960711226,
R01,1,chat,none,True,False,acceso,revision,True,True,0,0,0.19132460000400897,5.49999822396785e-06,
R14,1,chat,none,True,False,mejora,revision,True,True,0,0,0.18981730000814423,6.200003554113209e-06,
R07,1,chat,rag,True,False,facturacion,mejora,True,True,0,0,0.27615910000167787,0.001138899999205023,cat-bk73;cat-rd56
R23,1,chat,rag,True,True,revision,revision,True,True,0,0,0.2821298999915598,0.0012894999963464215,cat-rd56;dev-dd
R23,1,chat,oracle,True,True,revision,revision,True,True,0,0,8.931715200000326,0.00038389999826904386,
R15,1,chat,none,True,False,mejora,revision,True,True,0,0,0.20209789999353234,4.799992893822491e-06,
R03,1,chat,none,True,False,acceso,revision,True,True,0,0,0.20556099999521393,5.099995178170502e-06,
R11,1,chat,none,True,False,incidente,revision,True,True,0,0,0.20694560000265483,4.9000082071870565e-06,
R08,1,chat,rag,True,False,facturacion,facturacion,True,True,1,0,0.2511187000054633,0.0010569000005489215,cat-bk73
R20,1,chat,rag,True,False,revision,mejora,False,True,0,0,0.22982129998854361,0.001004199992166832,
R02,1,chat,oracle,True,False,acceso,acceso,True,True,1,0,0.23293520000879653,0.0003736000071512535,cat-mq27
R13,1,chat,oracle,True,True,mejora,mejora,True,True,0,0,0.24696289999701548,0.00046880000445526093,cat-rd56
R17,1,chat,oracle,True,True,mejora,mejora,True,True,0,0,0.2295668000006117,0.0005767000111518428,
R01,1,chat,rag,True,False,acceso,revision,True,True,0,0,0.3328026000090176,0.0011820000072475523,cat-mq27;cat-rd56
R17,1,chat,none,True,True,mejora,mejora,True,True,0,0,0.22403109999140725,4.599991370923817e-06,
R12,1,chat,none,True,False,incidente,revision,True,True,1,0,0.1888077999901725,5.399997462518513e-06,
R11,1,chat,oracle,True,False,incidente,revision,True,True,0,0,0.2175139000028139,0.00038949999725446105,cat-vf36
R20,1,chat,none,True,False,revision,mejora,False,True,0,0,0.20807610001065768,5.800000508315861e-06,
R03,1,chat,rag,True,False,acceso,revision,True,True,0,0,0.3509507999988273,0.0011224000045331195,cat-hp64;cat-rd56
R04,1,chat,oracle,True,False,acceso,acceso,True,True,1,0,0.23130440000386443,0.00039339999784715474,cat-hp64
R05,1,chat,none,True,False,facturacion,revision,True,True,0,0,0.19168099999660626,5.800000508315861e-06,
R07,1,chat,none,True,False,facturacion,revision,True,True,0,0,0.20318880000559147,5.800000508315861e-06,
R10,1,chat,rag,True,True,incidente,incidente,True,True,1,1,0.2444653999991715,0.0011250999959884211,cat-yt83
R10,1,chat,none,True,False,incidente,revision,True,True,1,0,0.19961000001057982,5.800000508315861e-06,
R19,1,chat,oracle,True,False,revision,mejora,False,True,0,0,0.2088175999961095,0.00036890000046696514,
R06,1,chat,none,True,False,facturacion,revision,True,True,1,0,0.19067789999826346,8.899995009414852e-06,
R03,1,chat,oracle,True,True,acceso,acceso,True,True,0,0,0.23057179999887012,0.00034889999369625,cat-hp64
R06,1,chat,rag,True,False,facturacion,revision,True,True,1,0,0.2235592000070028,0.0013889000110793859,cat-ux41
R23,1,chat,none,True,True,revision,revision,True,True,0,0,0.20738740000524558,8.000002708286047e-06,
R21,1,chat,oracle,True,False,revision,revision,True,True,1,0,0.19089889999304432,0.00043289999302942306,
R16,1,chat,rag,True,True,mejora,mejora,True,True,0,0,0.2558972000115318,0.0011054000060539693,cat-pl92
R22,1,chat,rag,True,False,revision,mejora,True,True,0,0,0.3119741999980761,0.0011033999908249825,cat-rd56;dev-dd
R19,1,chat,none,True,False,revision,mejora,False,True,0,0,0.20533330000762362,7.499998901039362e-06,
R24,1,chat,rag,True,False,acceso,facturacion,True,False,0,2,0.31033920000481885,0.0012825000012526289,cat-mq27;dev-aa
R13,1,chat,none,True,False,mejora,revision,True,True,0,0,0.18955119999009185,5.099995178170502e-06,
R05,1,chat,rag,True,False,facturacion,revision,True,True,0,0,0.26255959999980405,0.0010520999931031838,cat-ux41;cat-rd56
R02,1,chat,rag,True,False,acceso,acceso,True,True,1,0,0.23142390001157764,0.0013996000052429736,cat-mq27
R21,1,chat,none,True,False,revision,revision,True,True,1,0,0.19509490000200458,6.50000583846122e-06,
R09,1,chat,rag,True,False,incidente,mejora,True,True,0,0,0.2776402000017697,0.0012706999987130985,cat-yt83;cat-rd56
R18,1,chat,oracle,True,False,incidente,incidente,True,True,2,1,0.19598629999381956,0.0003502999898046255,
R01,1,chat,oracle,True,True,acceso,acceso,True,True,0,0,0.23059500000090338,0.0005135000101290643,cat-mq27
R19,1,chat,rag,True,False,revision,mejora,False,True,0,0,0.2281895999913104,0.0009869999921647832,
R02,1,chat,none,True,False,acceso,revision,True,True,1,0,0.18836530001135543,9.400013368576765e-06,
R18,1,chat,rag,True,False,incidente,incidente,True,True,2,1,0.2630085999990115,0.0010872999991988763,cat-vf36;cat-bk73
R17,1,chat,rag,True,True,mejora,mejora,True,True,0,0,0.2556965000112541,0.0011206000053789467,cat-vf36
R22,1,chat,none,True,True,revision,revision,True,True,0,0,0.18890070001361892,5.1000097300857306e-06,
R15,1,chat,rag,True,True,mejora,mejora,True,True,0,0,0.2811658999999054,0.0013157000066712499,cat-pl92;cat-rd56
R05,1,chat,oracle,True,False,facturacion,revision,True,True,0,0,0.21587519999593496,0.00041340000461786985,cat-ux41
R12,1,chat,oracle,True,True,incidente,incidente,True,True,1,1,0.2308266000036383,0.00037170000723563135,cat-vf36
R15,1,chat,oracle,True,False,mejora,revision,True,True,0,0,0.21768080000765622,0.00038860000495333225,cat-pl92
R14,1,chat,rag,True,True,mejora,mejora,True,True,0,0,0.2559488999977475,0.0010858999885385856,cat-rd56
R20,1,chat,oracle,True,False,revision,mejora,False,True,0,0,0.2053643999970518,0.0003983000060543418,
R06,1,chat,oracle,True,False,facturacion,revision,True,True,1,0,0.21554609999293461,0.0003949999954784289,cat-ux41
R09,1,chat,none,True,False,incidente,revision,True,True,0,0,0.1880377000052249,4.5000051613897085e-06,
R10,1,chat,oracle,True,True,incidente,incidente,True,True,1,1,0.23112460000265855,0.0003890999942086637,cat-yt83
R24,1,chat,oracle,True,False,acceso,facturacion,True,False,0,2,0.22935619999771006,0.0003828999906545505,cat-mq27
R11,1,chat,rag,True,False,incidente,revision,True,True,0,0,0.26164159999461845,0.001109099990571849,cat-vf36;cat-rd56
R08,1,chat,none,True,False,facturacion,revision,True,True,1,0,0.18993720000435133,4.6000059228390455e-06,
R04,1,chat,none,True,False,acceso,revision,True,True,1,0,0.18948339999769814,6.100002792663872e-06,
R12,1,chat,rag,True,True,incidente,incidente,True,True,1,1,0.24400629999581724,0.0010827999940374866,cat-vf36
R09,1,chat,oracle,True,False,incidente,mejora,True,True,0,0,0.23792889999458566,0.00044859999616164714,cat-yt83
R16,1,chat,none,True,False,mejora,revision,True,True,0,0,0.1876256999967154,5.900001269765198e-06,
R16,1,chat,oracle,True,True,mejora,mejora,True,True,0,0,0.2295309999899473,0.00040699999954085797,cat-pl92
R07,1,chat,oracle,True,False,facturacion,mejora,True,True,0,0,0.23993310000514612,0.0003875999973388389,cat-bk73
R07,2,chat,none,True,False,facturacion,revision,True,True,0,0,0.1864380000042729,1.600012183189392e-06,
R14,2,chat,oracle,True,True,mejora,mejora,True,True,0,0,0.23691449999751057,0.0004565999988699332,cat-rd56
R01,2,chat,oracle,True,True,acceso,acceso,True,True,0,0,0.22642579999228474,0.0004107999993721023,cat-mq27
R22,2,chat,oracle,True,True,revision,revision,True,True,0,0,0.1990285999927437,0.00038610000046901405,
R16,2,chat,none,True,False,mejora,revision,True,True,0,0,0.18772870000975672,6.100002792663872e-06,
R11,2,chat,none,True,False,incidente,revision,True,True,0,0,0.18787010000960436,5.199995939619839e-06,
R16,2,chat,oracle,True,True,mejora,mejora,True,True,0,0,0.23844000000099186,0.00040689999877940863,cat-pl92
R09,2,chat,oracle,True,False,incidente,mejora,True,True,0,0,0.2351215999951819,0.00038830000266898423,cat-yt83
R09,2,chat,none,True,False,incidente,revision,True,True,0,0,0.18824200000381097,4.6000059228390455e-06,
R18,2,chat,none,True,False,incidente,incidente,True,True,2,1,0.20123099999909755,5.800000508315861e-06,
R16,2,chat,rag,True,True,mejora,mejora,True,True,0,0,0.24358179999399,0.0012390999909257516,cat-pl92
R15,2,chat,rag,True,True,mejora,mejora,True,True,0,0,0.2557773000007728,0.0011423999967519194,cat-pl92;cat-rd56
R15,2,chat,none,True,False,mejora,revision,True,True,0,0,0.18241899998974986,6.599992047995329e-06,
R09,2,chat,rag,True,False,incidente,mejora,True,True,0,0,0.2632707000011578,0.0011254999990342185,cat-yt83;cat-rd56
R10,2,chat,rag,True,True,incidente,incidente,True,True,1,1,0.22935870000219438,0.0011346000101184472,cat-yt83
R05,2,chat,oracle,True,False,facturacion,revision,True,True,0,0,0.2194384999893373,0.0003792999923462048,cat-ux41
R04,2,chat,oracle,True,False,acceso,acceso,True,True,1,0,0.2298978999897372,0.0003997000021627173,cat-hp64
R21,2,chat,oracle,True,False,revision,revision,True,True,1,0,0.1923506000021007,0.0003865000035148114,
R19,2,chat,none,True,False,revision,mejora,False,True,0,0,0.20532639999873936,5.399997462518513e-06,
R10,2,chat,oracle,True,True,incidente,incidente,True,True,1,1,0.23155169999517966,0.0004027999966638163,cat-yt83
R10,2,chat,none,True,False,incidente,revision,True,True,1,0,0.18069500000274274,6.199989002197981e-06,
R03,2,chat,none,True,False,acceso,revision,True,True,0,0,0.21088120000786148,5.4000120144337416e-06,
R22,2,chat,none,True,True,revision,revision,True,True,0,0,0.1907707000063965,5.699999746866524e-06,
R24,2,chat,none,True,False,acceso,facturacion,True,False,0,2,0.20046849999926053,6.399990525096655e-06,
R06,2,chat,rag,True,False,facturacion,revision,True,True,1,0,0.21794210000371095,0.0012067000061506405,cat-ux41
R18,2,chat,rag,True,False,incidente,incidente,True,True,2,1,0.24543569999514148,0.0012186999956611544,cat-vf36;cat-bk73
R17,2,chat,oracle,True,True,mejora,mejora,True,True,0,0,0.20766650000587106,0.0003846000035991892,
R06,2,chat,oracle,True,False,facturacion,revision,True,True,1,0,0.2162440000101924,0.00039960000140126795,cat-ux41
R13,2,chat,rag,True,True,mejora,mejora,True,True,0,0,0.29593709998880513,0.0011073999921791255,cat-rd56;dev-dd
R08,2,chat,none,True,False,facturacion,revision,True,True,1,0,0.18670879999990575,5.699999746866524e-06,
R20,2,chat,none,True,False,revision,mejora,False,True,0,0,0.20996889998787083,5.299996701069176e-06,
R03,2,chat,oracle,True,True,acceso,acceso,True,True,0,0,0.22742470000230242,0.0005175000114832073,cat-hp64
R02,2,chat,rag,True,False,acceso,acceso,True,True,1,0,0.25123330000496935,0.001218200006405823,cat-mq27
R15,2,chat,oracle,True,False,mejora,revision,True,True,0,0,0.23428439999406692,0.00044129999878350645,cat-pl92
R12,2,chat,oracle,True,True,incidente,incidente,True,True,1,1,0.23817759999656118,0.00040869999793358147,cat-vf36
R02,2,chat,oracle,True,False,acceso,acceso,True,True,1,0,0.22711259999778122,0.0005432999896584079,cat-mq27
R13,2,chat,none,True,False,mejora,revision,True,True,0,0,0.18820010000490583,6.400005077011883e-06,
R14,2,chat,none,True,False,mejora,revision,True,True,0,0,0.19681420001143124,5.800000508315861e-06,
R02,2,chat,none,True,False,acceso,revision,True,True,1,0,0.18766650000179652,6.900008884258568e-06,
R06,2,chat,none,True,False,facturacion,revision,True,True,1,0,0.1876470999995945,6.300004315562546e-06,
R21,2,chat,none,True,False,revision,revision,True,True,1,0,0.18934779999835882,6.900008884258568e-06,
R20,2,chat,oracle,True,False,revision,mejora,False,True,0,0,0.20400270000391174,0.00047709999489597976,
R03,2,chat,rag,True,False,acceso,revision,True,True,0,0,0.3200187000038568,0.0013206000003265217,cat-hp64;cat-rd56
R01,2,chat,rag,True,False,acceso,revision,True,True,0,0,0.32083399999828544,0.0012131999974371865,cat-mq27;cat-rd56
R11,2,chat,rag,True,False,incidente,revision,True,True,0,0,0.25772749999305233,0.0012033999955747277,cat-vf36;cat-rd56
R24,2,chat,rag,True,False,acceso,facturacion,True,False,0,2,0.29558790000737645,0.001212700008181855,cat-mq27;dev-aa
R19,2,chat,oracle,True,False,revision,mejora,False,True,0,0,0.2097972000046866,0.0004933000018354505,
R23,2,chat,oracle,True,True,revision,revision,True,True,0,0,0.19114059999992605,0.0005028000014135614,
R23,2,chat,rag,True,True,revision,revision,True,True,0,0,0.31126319999748375,0.0012180000048829243,cat-rd56;dev-dd
R17,2,chat,rag,True,True,mejora,mejora,True,True,0,0,0.2610953999974299,0.0010688000038499013,cat-vf36
R12,2,chat,rag,True,True,incidente,incidente,True,True,1,1,0.24349439999787137,0.0011353000008966774,cat-vf36
R04,2,chat,rag,True,False,acceso,acceso,True,True,1,0,0.22834549999970477,0.00116379999963101,cat-hp64
R17,2,chat,none,True,True,mejora,mejora,True,True,0,0,0.20761850000417326,6.000002031214535e-06,
R08,2,chat,oracle,True,False,facturacion,facturacion,True,True,1,0,0.22913189999235328,0.0004813999985344708,cat-bk73
R04,2,chat,none,True,False,acceso,incidente,True,True,1,1,0.19756139999662992,6.89999433234334e-06,
R05,2,chat,none,True,False,facturacion,revision,True,True,0,0,0.18756170000415295,4.999994416721165e-06,
R13,2,chat,oracle,True,True,mejora,mejora,True,True,0,0,0.2383179000025848,0.0004659999976865947,cat-rd56
R11,2,chat,oracle,True,False,incidente,revision,True,True,0,0,0.22826340000028722,0.00047559999802615494,cat-vf36
R21,2,chat,rag,True,False,revision,revision,True,True,1,0,0.23750489999656565,0.0012218999909237027,noise-seguridad;cat-pl92
R18,2,chat,oracle,True,False,incidente,incidente,True,True,2,1,0.20310369999788236,0.0005852000031154603,
R07,2,chat,rag,True,False,facturacion,mejora,True,True,0,0,0.2588163999898825,0.00141859998984728,cat-bk73;cat-rd56
R14,2,chat,rag,True,True,mejora,mejora,True,True,0,0,0.2634484000009252,0.001150299998698756,cat-rd56
R24,2,chat,oracle,True,False,acceso,facturacion,True,False,0,2,0.23593749999417923,0.0004707999905804172,cat-mq27
R05,2,chat,rag,True,False,facturacion,revision,True,True,0,0,0.2617731999926036,0.001421599998138845,cat-ux41;cat-rd56
R23,2,chat,none,True,True,revision,revision,True,True,0,0,0.19883829999889713,5.599998985417187e-06,
R08,2,chat,rag,True,False,facturacion,facturacion,True,True,1,0,0.2659832999925129,0.0012285999982850626,cat-bk73
R22,2,chat,rag,True,False,revision,mejora,True,True,0,0,0.30992560001323,0.0013752000086242333,cat-rd56;dev-dd
R12,2,chat,none,True,False,incidente,revision,True,True,1,0,0.19284930000139866,8.000002708286047e-06,
R01,2,chat,none,True,False,acceso,revision,True,True,0,0,0.19380540000565816,1.030000566970557e-05,
R20,2,chat,rag,True,False,revision,mejora,False,True,0,0,0.2169556000008015,0.0018052999948849902,
R07,2,chat,oracle,True,False,facturacion,mejora,True,True,0,0,0.24546760000521317,0.0005406000127550215,cat-bk73
R19,2,chat,rag,True,False,revision,mejora,False,True,0,0,0.2343643000058364,0.001132700010202825,
R04,2,decision,oracle,True,True,acceso,acceso,True,True,1,1,2.6919286000047578,0.00044350000098347664,cat-hp64
R10,2,decision,rag,True,True,incidente,incidente,True,True,1,1,2.5250715000001946,0.001668600001721643,cat-yt83
R14,2,decision,oracle,True,True,mejora,mejora,True,True,0,0,2.427133099990897,0.0005289999971864745,cat-rd56
R07,2,decision,none,True,False,facturacion,mejora,True,True,0,0,2.2954964999953518,6.099988240748644e-06,
R06,2,decision,rag,True,True,facturacion,facturacion,True,True,1,1,2.4433969000092475,0.0012817999959224835,cat-ux41
R19,2,decision,none,True,False,revision,mejora,False,True,0,1,2.30405370000517,7.200011168606579e-06,
R04,2,decision,rag,True,True,acceso,acceso,True,True,1,1,1.0964911000046413,0.001348399993730709,cat-hp64
R16,2,decision,none,True,True,mejora,mejora,True,True,0,0,2.3021060999890324,5.099995178170502e-06,
R22,2,decision,rag,True,False,revision,revision,True,False,0,0,2.450945899996441,0.0015770000027259812,cat-rd56;dev-dd
R08,2,decision,oracle,True,True,facturacion,facturacion,True,True,1,1,2.393775000004098,0.0005398000066634268,cat-bk73
R20,2,decision,rag,True,True,revision,revision,False,False,0,0,2.2598545999935595,0.0011547000030986965,
R12,2,decision,none,True,True,incidente,incidente,True,True,1,1,2.403855399999884,7.399998139590025e-06,
R07,2,decision,rag,True,True,facturacion,facturacion,True,True,0,0,2.576241200004006,0.0012764999992214143,cat-bk73;cat-rd56
R21,2,decision,none,True,True,revision,revision,True,True,1,1,2.3780113000102574,6.100002792663872e-06,
R12,2,decision,oracle,True,True,incidente,incidente,True,True,1,1,2.424700000003213,0.0005789999995613471,cat-vf36
R15,2,decision,rag,True,True,mejora,mejora,True,True,0,0,2.5188098999933572,0.0012174999865237623,cat-pl92;cat-rd56
R24,2,decision,oracle,True,False,acceso,acceso,True,True,0,2,2.4122496000054525,0.000538699998287484,cat-mq27
R07,2,decision,oracle,True,True,facturacion,facturacion,True,True,0,0,2.414306200007559,0.00045960000716149807,cat-bk73
R01,2,decision,rag,True,False,acceso,acceso,True,True,0,2,2.5415122999984305,0.0013420999894151464,cat-mq27;cat-rd56
R13,2,decision,rag,True,False,mejora,mejora,True,True,0,1,2.4807795000087935,0.0014162000006763265,cat-rd56;dev-dd
R18,2,decision,none,True,False,incidente,incidente,True,False,2,2,2.2994283999869367,7.499998901039362e-06,
R09,2,decision,none,True,False,incidente,mejora,True,True,0,0,2.273536699998658,5.4000120144337416e-06,
R01,2,decision,oracle,True,True,acceso,acceso,True,True,0,0,2.397196800011443,0.000407300001825206,cat-mq27
R24,2,decision,none,True,False,acceso,facturacion,True,True,0,2,2.302719600003911,7.599999662488699e-06,
R14,2,decision,rag,True,True,mejora,mejora,True,True,0,0,1.1507819000107702,0.0016945000097621232,cat-rd56
R20,2,decision,none,True,True,revision,revision,False,False,0,0,1.1394895999983419,7.000009645707905e-06,
R02,2,decision,oracle,True,False,acceso,acceso,True,True,1,2,2.4042952000017976,0.0005698000022675842,cat-mq27
R20,2,decision,oracle,True,True,revision,revision,False,False,0,0,1.1071158000122523,0.0005384000105550513,
R23,2,decision,none,True,True,revision,revision,True,True,0,0,2.304953500002739,5.299996701069176e-06,
R05,2,decision,oracle,True,True,facturacion,facturacion,True,True,0,0,2.4020899000024656,0.000552500001504086,cat-ux41
R21,2,decision,oracle,True,True,revision,revision,True,True,1,1,1.0981905999942683,0.0004933000018354505,
R11,2,decision,oracle,True,False,incidente,incidente,True,False,0,0,2.4073689000069862,0.0005463999987114221,cat-vf36
R17,2,decision,none,True,True,mejora,mejora,True,True,0,0,2.290525999997044,5.299996701069176e-06,
R18,2,decision,rag,True,False,incidente,incidente,True,False,2,2,2.618537500005914,0.0013294999953359365,cat-vf36;cat-bk73
R13,2,decision,oracle,True,False,mejora,mejora,True,True,0,1,2.5657561999978498,0.00038150000909809023,cat-rd56
R08,2,decision,none,True,False,facturacion,incidente,True,True,1,1,2.3378210999944713,7.299997378140688e-06,
R09,2,decision,rag,True,True,incidente,incidente,True,True,0,0,2.5380605999962427,0.0013501999928848818,cat-yt83;cat-rd56
R14,2,decision,none,True,True,mejora,mejora,True,True,0,0,2.3025839000038104,5.0000089686363935e-06,
R19,2,decision,oracle,True,False,revision,mejora,False,True,0,1,1.1265674000023864,0.00038470000436063856,
R02,2,decision,none,True,False,acceso,incidente,True,True,1,1,2.331790299998829,8.800008799880743e-06,
R23,2,decision,oracle,True,True,revision,revision,True,True,0,0,1.1114295000006678,0.0003910999948857352,
R17,2,decision,rag,True,False,mejora,mejora,True,True,0,1,2.419038099993486,0.0011836999910883605,cat-vf36
R15,2,decision,oracle,True,True,mejora,mejora,True,True,0,0,2.422539000006509,0.0004169000021647662,cat-pl92
R08,2,decision,rag,True,True,facturacion,facturacion,True,True,1,1,1.1115959999879124,0.0012966999929631129,cat-bk73
R10,2,decision,none,True,True,incidente,incidente,True,True,1,1,2.3101729000045452,5.1000097300857306e-06,
R21,2,decision,rag,True,False,revision,acceso,True,True,1,1,2.4917807999881916,0.00154159999510739,noise-seguridad;cat-pl92
R16,2,decision,oracle,True,True,mejora,mejora,True,True,0,0,2.420281500002602,0.00043149999692104757,cat-pl92
R03,2,decision,none,True,False,acceso,mejora,True,True,0,0,2.2986659000016516,5.199995939619839e-06,
R05,2,decision,none,True,False,facturacion,mejora,True,True,0,0,2.307967100001406,5.299996701069176e-06,
R09,2,decision,oracle,True,False,incidente,incidente,True,False,0,0,2.444398999999976,0.0005074999935459346,cat-yt83
R18,2,decision,oracle,True,False,incidente,incidente,True,False,2,2,1.1068747000099393,0.0003632000007200986,
R17,2,decision,oracle,True,True,mejora,mejora,True,True,0,0,1.15333400000236,0.0005171999946469441,
R06,2,decision,none,True,False,facturacion,incidente,True,True,1,1,2.302666000003228,1.1500000255182385e-05,
R22,2,decision,none,True,False,revision,mejora,True,True,0,0,2.4178346999979112,6.900008884258568e-06,
R19,2,decision,rag,True,False,revision,mejora,False,True,0,1,1.2031376999948407,0.001279799995245412,
R13,2,decision,none,True,True,mejora,mejora,True,True,0,0,2.451141600002302,5.49999822396785e-06,
R16,2,decision,rag,True,True,mejora,mejora,True,True,0,0,1.2494043000042439,0.0013323000021046028,cat-pl92
R23,2,decision,rag,True,False,revision,mejora,True,True,0,0,2.483493099993211,0.0012390999909257516,cat-rd56;dev-dd
R12,2,decision,rag,True,True,incidente,incidente,True,True,1,1,2.426908599998569,0.0012636000028578565,cat-vf36
R05,2,decision,rag,True,True,facturacion,facturacion,True,True,0,0,2.572896600002423,0.0013466000091284513,cat-ux41;cat-rd56
R11,2,decision,rag,True,False,incidente,incidente,True,False,0,0,2.570118999996339,0.001143200002843514,cat-vf36;cat-rd56
R22,2,decision,oracle,True,False,revision,mejora,True,True,0,0,1.1223947999969823,0.00053039999329485,
R06,2,decision,oracle,True,True,facturacion,facturacion,True,True,1,1,2.433078900008695,0.00038300000596791506,cat-ux41
R11,2,decision,none,True,False,incidente,revision,True,True,0,0,2.343644699998549,8.400005754083395e-06,
R24,2,decision,rag,True,False,acceso,acceso,True,True,0,2,2.5673074000078486,0.001262500009033829,cat-mq27;dev-aa
R15,2,decision,none,True,True,mejora,mejora,True,True,0,0,2.343454899993958,5.900001269765198e-06,
R02,2,decision,rag,True,False,acceso,acceso,True,True,1,2,1.1397029999934603,0.001219199999468401,cat-mq27
R03,2,decision,oracle,True,False,acceso,acceso,True,True,0,2,2.455203099991195,0.0006778999959351495,cat-hp64
R10,2,decision,oracle,True,True,incidente,incidente,True,True,1,1,2.488298099997337,0.0005418999935500324,cat-yt83
R03,2,decision,rag,True,False,acceso,acceso,True,True,0,2,2.5767715999973007,0.0014268999948399141,cat-hp64;cat-rd56
R04,2,decision,none,True,False,acceso,incidente,True,True,1,1,2.3545231000025524,6.89999433234334e-06,
R01,2,decision,none,True,False,acceso,mejora,True,True,0,0,2.3148610000062035,6.200003554113209e-06,
